Symbol,Name,Last Sale,Net Change,% Change,Market Cap (B),Country,IPO Year,Volume,Sector,Industry
UFPI,UFP Industries Inc. Common Stock,$115.67,-0.79,-0.678%,7.024021885,United States,1993.0,223820,Basic Materials,Forest Products
AMWD,American Woodmark Corporation Common Stock,$77.01,0.48,0.627%,1.159321863,United States,1986.0,168642,Basic Materials,Forest Products
IPX,IperionX Limited American Depositary Share,$26.52,0.12,0.455%,0.682213104,United States,,50560,Basic Materials,Other Metals and Minerals
EU,enCore Energy Corp. Common Shares,$2.91,0.06,2.105%,0.541517878,United States,,1091464,Basic Materials,Other Metals and Minerals
USGO,U.S. GoldMining Inc. Common stock,$12.59,1.78,16.466%,0.156677615,United States,2023.0,225247,Basic Materials,Precious Metals
USAU,U.S. Gold Corp. Common Stock,$9.11,0.2,2.245%,0.112263587,United States,,307423,Basic Materials,Metal Mining
NB,NioCorp Developments Ltd. Common Stock,$2.61,-0.01,-0.382%,0.0988929,United States,,265655,Basic Materials,Metal Mining
ABAT,American Battery Technology Company Common Stock,$1.22,-0.06,-4.688%,0.090916436,United States,,2354974,Basic Materials,Metal Mining
HYMC,Hycroft Mining Holding Corporation Class A Common Stock,$2.61,0.02,0.772%,0.064607134,United States,2018.0,248033,Basic Materials,Precious Metals
USGOW,U.S. GoldMining Inc. Warrant,$1.875,0.145,8.382%,0.02333364,United States,2023.0,48397,Basic Materials,Precious Metals
NIOBW,NioCorp Developments Ltd. Warrant,$0.1775,-0.0068,-3.69%,0.006725475,United States,,19093,Basic Materials,Metal Mining
HYMCL,Hycroft Mining Holding Corporation Warrants,$0.0188,-0.0001,-0.529%,0.000465369,United States,,28610,Basic Materials,Precious Metals
HYMCW,Hycroft Mining Holding Corporation  Warrant,$0.011,0.002,22.222%,0.000272291,United States,2018.0,35257,Basic Materials,Precious Metals
AMZN,Amazon.com Inc. Common Stock,$232.76,-0.38,-0.163%,2466.727483972,United States,1997.0,23673960,Consumer Discretionary,Catalog/Specialty Distribution
TSLA,Tesla Inc. Common Stock,$328.50,-22.23,-6.338%,1056.625846655,United States,2010.0,118024477,Consumer Discretionary,Auto Manufacturing
COST,Costco Wholesale Corporation Common Stock,$1058.34,-3.58,-0.337%,469.795930076,United States,,1747781,Consumer Discretionary,Department/Specialty Retail Stores
NFLX,Netflix Inc. Common Stock,$1008.08,-19.52,-1.90%,431.213377368,United States,2002.0,3320799,Consumer Discretionary,Consumer Electronics/Video Chains
BKNG,Booking Holdings Inc. Common Stock,$4897.32,-16.16,-0.329%,162.085194509,United States,,177354,Consumer Discretionary,Transportation Services
SBUX,Starbucks Corporation Common Stock,$111.03,-0.42,-0.377%,126.118977,United States,1992.0,4683108,Consumer Discretionary,Restaurants
CTAS,Cintas Corporation Common Stock,$205.40,1.43,0.701%,82.887923633,United States,1983.0,1093088,Consumer Discretionary,Apparel
DASH,DoorDash Inc. Class A Common Stock,$193.09,0.46,0.239%,80.208859789,United States,,6717120,Consumer Discretionary,Business Services
MAR,Marriott International Class A Common Stock,$288.00,-16.45,-5.403%,80.033308416,United States,,3055510,Consumer Discretionary,Hotels/Resorts
ORLY,O'Reilly Automotive Inc. Common Stock,$1323.94,13.92,1.063%,76.43197369,United States,1993.0,391450,Consumer Discretionary,Auto & Home Supply Stores
PYPL,PayPal Holdings Inc. Common Stock,$76.21,-2.03,-2.595%,75.390167267,United States,,15755182,Consumer Discretionary,Business Services
CPRT,Copart Inc. (DE) Common Stock,$59.23,0.6,1.023%,57.06978725,United States,1994.0,3112781,Consumer Discretionary,Retail-Auto Dealers and Gas Stations
PCAR,PACCAR Inc. Common Stock,$106.09,-0.02,-0.019%,55.623045774,United States,,1203672,Consumer Discretionary,Auto Manufacturing
PAYX,Paychex Inc. Common Stock,$146.10,-0.91,-0.619%,52.605215111,United States,1983.0,1404130,Consumer Discretionary,Diversified Commercial Services
ROST,Ross Stores Inc. Common Stock,$141.27,-0.86,-0.605%,46.60909766,United States,1985.0,2704129,Consumer Discretionary,Clothing/Shoe/Accessory Stores
GSAT,Globalstar Inc. Common Stock,$24.33,0.9298,3.973%,46.041444335,United States,2006.0,1581105,Consumer Discretionary,Telecommunications Equipment
FAST,Fastenal Company Common Stock,$74.33,0.61,0.827%,42.622286598,United States,1987.0,1480183,Consumer Discretionary,RETAIL: Building Materials
UAL,United Airlines Holdings Inc. Common Stock,$103.31,-2.77,-2.611%,33.976169229,United States,,7283085,Consumer Discretionary,Air Freight/Delivery Services
EBAY,eBay Inc. Common Stock,$68.46,0.2,0.293%,32.79234,United States,1998.0,3615487,Consumer Discretionary,Business Services
CSGP,CoStar Group Inc. Common Stock,$76.00,-0.97,-1.26%,31.156923292,United States,1998.0,1975335,Consumer Discretionary,Business Services
TSCO,Tractor Supply Company Common Stock,$54.97,0.54,0.992%,29.647760019,United States,1994.0,5753027,Consumer Discretionary,RETAIL: Building Materials
CDW,CDW Corporation Common Stock,$191.74,0.17,0.089%,25.552051248,United States,2013.0,797114,Consumer Discretionary,Catalog/Specialty Distribution
EXPE,Expedia Group Inc. Common Stock,$197.19,-5.81,-2.862%,24.320156922,United States,,3608957,Consumer Discretionary,Transportation Services
DKNG,DraftKings Inc. Class A Common Stock,$43.44,0.6,1.401%,21.182548982,United States,2019.0,7799426,Consumer Discretionary,Services-Misc. Amusement & Recreation
Z,Zillow Group Inc. Class C Capital Stock,$86.32,-1.65,-1.876%,20.160825396,United States,,4463469,Consumer Discretionary,Business Services
ZG,Zillow Group Inc. Class A Common Stock,$83.84,-1.45,-1.70%,19.581598717,United States,2011.0,1443692,Consumer Discretionary,Business Services
NWS,News Corporation Class B Common Stock,$34.17,0.09,0.264%,19.387919236,United States,,907869,Consumer Discretionary,Newspapers/Magazines
WMG,Warner Music Group Corp. Class A Common Stock,$33.69,0.32,0.959%,17.530963606,United States,2020.0,1728209,Consumer Discretionary,Services-Misc. Amusement & Recreation
ULTA,Ulta Beauty Inc. Common Stock,$374.53,-1.81,-0.481%,17.367906657,United States,2007.0,930838,Consumer Discretionary,Other Specialty Stores
NWSA,News Corporation Class A Common Stock,$29.45,0.27,0.925%,16.709810404,United States,,2279023,Consumer Discretionary,Newspapers/Magazines
DPZ,Domino's Pizza Inc Common Stock,$474.06,-0.88,-0.185%,16.370229491,United States,2004.0,398818,Consumer Discretionary,Food Distributors
CASY,Casey's General Stores Inc. Common Stock,$427.55,-4.62,-1.069%,15.869610213,United States,1983.0,263209,Consumer Discretionary,Retail-Auto Dealers and Gas Stations
DLTR,Dollar Tree Inc. Common Stock,$72.24,-1.62,-2.193%,15.534391209,United States,1995.0,1912247,Consumer Discretionary,Department/Specialty Retail Stores
AKAM,Akamai Technologies Inc. Common Stock,$101.38,-0.72,-0.705%,15.230011841,United States,1999.0,1618966,Consumer Discretionary,Business Services
QRTEP,Qurate Retail Inc. 8.0% Fixed Rate Cumulative Redeemable Preferred Stock,$37.10,0.7,1.923%,14.72684589,United States,,24628,Consumer Discretionary,Catalog/Specialty Distribution
POOL,Pool Corporation Common Stock,$336.35,2.03,0.607%,12.799976506,United States,1995.0,248607,Consumer Discretionary,Industrial Specialties
CART,Maplebear Inc. Common Stock,$49.69,-0.63,-1.252%,12.765101419,United States,2023.0,2660285,Consumer Discretionary,Business Services
RIVN,Rivian Automotive Inc. Class A Common Stock,$12.44,-0.55,-4.234%,12.697140585,United States,2021.0,25086964,Consumer Discretionary,Auto Manufacturing
CHRW,C.H. Robinson Worldwide Inc. Common Stock,$99.74,0.4,0.403%,11.789786548,United States,1997.0,1094684,Consumer Discretionary,Oil Refining/Marketing
TXRH,Texas Roadhouse Inc. Common Stock,$170.77,-2.83,-1.63%,11.392761563,United States,2004.0,1237346,Consumer Discretionary,Restaurants
PEP,PepsiCo Inc. Common Stock,$145.64,1.29,0.894%,199.745236406,United States,,6352770,Consumer Staples,Beverages (Production/Distribution)
MDLZ,Mondelez International Inc. Class A Common Stock,$60.45,1.92,3.28%,78.193596345,United States,,12174666,Consumer Staples,Packaged Foods
MNST,Monster Beverage Corporation,$48.06,0.25,0.523%,46.739294812,United States,,3141095,Consumer Staples,Beverages (Production/Distribution)
KDP,Keurig Dr Pepper Inc. Common Stock,$31.56,0.66,2.136%,42.809677162,United States,,7698746,Consumer Staples,Beverages (Production/Distribution)
KHC,The Kraft Heinz Company Common Stock,$29.58,0.62,2.141%,35.767393365,United States,,9258873,Consumer Staples,Packaged Foods
SFM,Sprouts Farmers Market Inc. Common Stock,$166.13,-2.77,-1.64%,16.611553672,United States,2013.0,1260940,Consumer Staples,Food Chains
PPC,Pilgrim's Pride Corporation Common Stock,$52.55,1.05,2.039%,12.460816856,United States,,1711924,Consumer Staples,Meat/Poultry/Fish
COKE,Coca-Cola Consolidated Inc. Common Stock,$1415.40,12.98,0.926%,12.399865057,United States,1972.0,33036,Consumer Staples,Beverages (Production/Distribution)
CPB,The Campbell's Company Common Stock,$37.95,0.56,1.498%,11.31324581,United States,,2385164,Consumer Staples,Packaged Foods
SFD,Smithfield Foods Inc. Common Stock,$21.26,0.0,0.00%,8.450195872,United States,2025.0,594473,Consumer Staples,Meat/Poultry/Fish
WBA,Walgreens Boots Alliance Inc. Common Stock,$9.36,-0.61,-6.118%,8.08847646,United States,,22869302,Consumer Staples,Retail-Drug Stores and Proprietary Stores
FRPT,Freshpet Inc. Common Stock,$130.75,0.4,0.307%,6.346183854,United States,2014.0,1919910,Consumer Staples,Packaged Foods
CALM,Cal-Maine Foods Inc. Common Stock,$113.98,4.57,4.177%,5.589019216,United States,1996.0,725815,Consumer Staples,Farming/Seeds/Milling
LANC,Lancaster Colony Corporation Common Stock,$190.67,4.09,2.192%,5.25715324,United States,,117785,Consumer Staples,Packaged Foods
CELH,Celsius Holdings Inc. Common Stock,$22.04,0.36,1.661%,5.180093202,United States,,5364986,Consumer Staples,Beverages (Production/Distribution)
FIZZ,National Beverage Corp. Common Stock,$39.87,-0.39,-0.969%,3.732415936,United States,,144885,Consumer Staples,Beverages (Production/Distribution)
JJSF,J & J Snack Foods Corp. Common Stock,$127.07,1.98,1.583%,2.476626576,United States,1986.0,120435,Consumer Staples,Specialty Foods
COCO,The Vita Coco Company Inc. Common Stock,$39.42,0.04,0.102%,2.236373035,United States,2021.0,813920,Consumer Staples,Beverages (Production/Distribution)
GO,Grocery Outlet Holding Corp. Common Stock,$16.90,-0.47,-2.706%,1.641604569,United States,2019.0,2141853,Consumer Staples,Food Chains
SONO,Sonos Inc. Common Stock,$13.23,-0.57,-4.13%,1.575463631,United States,2018.0,2811412,Consumer Staples,Consumer Electronics/Appliances
VITL,Vital Farms Inc. Common Stock,$35.71,0.3,0.847%,1.563728294,United States,2020.0,926354,Consumer Staples,Packaged Foods
DNUT,Krispy Kreme Inc. Common Stock,$8.87,0.44,5.219%,1.5079,United States,2021.0,2044750,Consumer Staples,Food Chains
IMKTA,Ingles Markets Incorporated Class A Common Stock,$65.58,1.1,1.706%,1.245651178,United States,1987.0,113316,Consumer Staples,Food Chains
JBSS,John B. Sanfilippo & Son Inc. Common Stock,$72.25,2.75,3.957%,0.840850341,United States,1991.0,82734,Consumer Staples,Specialty Foods
AVO,Mission Produce Inc. Common Stock,$11.74,0.41,3.619%,0.832539365,United States,2020.0,355741,Consumer Staples,Farming/Seeds/Milling
ARKO,ARKO Corp. Common Stock,$6.95,0.3,4.511%,0.80461066,United States,,589866,Consumer Staples,Food Chains
MGPI,MGP Ingredients Inc.,$33.17,0.53,1.624%,0.728190397,United States,,323313,Consumer Staples,Beverages (Production/Distribution)
WEST,Westrock Coffee Company Common Stock,$6.64,-0.01,-0.15%,0.625409117,United States,,154238,Consumer Staples,Beverages (Production/Distribution)
SENEB,Seneca Foods Corp. Class B Common Stock,$81.43,9.14,12.644%,0.560217147,United States,,201,Consumer Staples,Packaged Foods
SENEA,Seneca Foods Corp. Class A Common Stock,$79.53,2.73,3.555%,0.547145643,United States,,12732,Consumer Staples,Packaged Foods
VLGEA,Village Super Market Inc. Class A Common Stock,$34.74,0.34,0.988%,0.512787031,United States,,10957,Consumer Staples,Food Chains
LMNR,Limoneira Co Common Stock,$23.00,0.23,1.01%,0.415911116,United States,,26994,Consumer Staples,Farming/Seeds/Milling
HAIN,Hain Celestial Group Inc. (The) Common Stock,$4.41,0.22,5.251%,0.397756113,United States,,1954174,Consumer Staples,Packaged Foods
WEYS,Weyco Group Inc. Common Stock,$36.71,0.56,1.549%,0.350921719,United States,,13304,Consumer Staples,Apparel
LWAY,Lifeway Foods Inc. Common Stock,$21.49,0.15,0.703%,0.31840594,United States,,67021,Consumer Staples,Packaged Foods
MAMA,Mama's Creations Inc. Common Stock,$7.53,-0.01,-0.133%,0.283029334,United States,,232886,Consumer Staples,Specialty Foods
BYND,Beyond Meat Inc. Common Stock,$3.82,-0.14,-3.535%,0.249076671,United States,2019.0,2066104,Consumer Staples,Packaged Foods
GNSS,Genasys Inc. Common Stock,$2.91,-0.01,-0.342%,0.130743294,United States,,272309,Consumer Staples,Consumer Electronics/Appliances
UEIC,Universal Electronics Inc. Common Stock,$9.40,-0.1,-1.053%,0.122461912,United States,1993.0,81142,Consumer Staples,Consumer Electronics/Appliances
PETS,PetMed Express Inc. Common Stock,$4.53,-0.74,-14.042%,0.093604378,United States,,1239559,Consumer Staples,Retail-Drug Stores and Proprietary Stores
FANG,Diamondback Energy Inc. Common Stock,$162.01,0.35,0.217%,47.30516932,United States,2012.0,1722304,Energy,Oil & Gas Production
EXE,Expand Energy Corporation Common Stock,$105.785,0.665,0.633%,24.440015366,United States,,2620411,Energy,Oil & Gas Production
EXEEW,Expand Energy Corporation Class A Warrants,$99.10,0.0,0.00%,22.895547788,United States,,1,Energy,Oil & Gas Production
EXEEZ,Expand Energy Corporation Class B Warrants,$97.16,1.02,1.061%,22.447340294,United States,,7507,Energy,Oil & Gas Production
EXEEL,Expand Energy Corporation Class C Warrants,$93.00,0.71,0.769%,21.486235563,United States,,284,Energy,Oil & Gas Production
PAA,Plains All American Pipeline L.P. Common Units representing Limited Partner Interests,$19.72,-0.03,-0.152%,13.876353843,United States,1998.0,2483496,Energy,Natural Gas Distribution
WWD,Woodward Inc. Common Stock,$193.27,0.18,0.093%,11.472484587,United States,,362678,Energy,Industrial Machinery/Components
VNOM,Viper Energy Inc. Class A Common Stock,$51.14,0.54,1.067%,9.635215548,United States,2014.0,1377097,Energy,Oil & Gas Production
APA,APA Corporation Common Stock,$23.31,0.32,1.392%,8.623475129,United States,,6491045,Energy,Oil & Gas Production
CHRD,Chord Energy Corporation Common Stock,$114.41,1.24,1.096%,6.99393753,United States,,746247,Energy,Oil & Gas Production
LFUS,Littelfuse Inc. Common Stock,$239.72,5.0,2.13%,5.948576768,United States,,194030,Energy,Electrical Products
PAGP,Plains GP Holdings L.P. Class A Units representing Limited Partner Interests,$20.93,-0.12,-0.57%,4.13295708,United States,,1397395,Energy,Natural Gas Distribution
PTEN,Patterson-UTI Energy Inc. Common Stock,$9.23,0.25,2.784%,3.599298061,United States,1993.0,12145960,Energy,Oil & Gas Production
ARLP,Alliance Resource Partners L.P. Common Units representing Limited Partners Interests,$26.46,0.08,0.303%,3.388520017,United States,1999.0,316649,Energy,Coal Mining
MGEE,MGE Energy Inc,$90.06,0.48,0.536%,3.260850062,United States,,112730,Energy,Electric Utilities: Central
POWL,Powell Industries Inc. Common Stock,$210.25,-9.64,-4.384%,2.536608011,United States,,588577,Energy,Electrical Products
HPK,HighPeak Energy Inc. Common Stock,$14.91,0.59,4.12%,1.887982045,United States,,272317,Energy,Oil & Gas Production
DMLP,Dorchester Minerals L.P. Common Units Representing Limited Partnership Interests,$32.025,0.065,0.203%,1.516055686,United States,,166631,Energy,Oil & Gas Production
PLUG,Plug Power Inc. Common Stock,$1.62,-0.1,-5.814%,1.476139036,United States,1999.0,52404363,Energy,Industrial Machinery/Components
METCL,Ramaco Resources Inc. 9.00% Senior Notes due 2026,$25.71,0.0,0.00%,1.371401506,United States,,1716,Energy,Coal Mining
CLMT,Calumet Inc. Common Stock,$15.88,-0.28,-1.733%,1.364157187,United States,2006.0,1206716,Energy,Integrated oil Companies
ACDC,ProFrac Holding Corp. Class A Common Stock,$7.93,0.06,0.762%,1.269962554,United States,2022.0,309771,Energy,Oilfield Services/Equipment
NESR,National Energy Services Reunited Corp Ordinary Shares,$9.45,0.0,0.00%,0.901609881,United States,,132500,Energy,Oilfield Services/Equipment
FIP,FTAI Infrastructure Inc. Common Stock ,$6.68,-0.15,-2.196%,0.759817368,United States,,396712,Energy,Oil Refining/Marketing
METC,Ramaco Resources Inc. Class A Common Stock,$10.18,0.1,0.992%,0.543013121,United States,2017.0,389794,Energy,Coal Mining
METCB,Ramaco Resources Inc. Class B Common Stock,$9.14,-0.05,-0.544%,0.487538303,United States,,20572,Energy,Coal Mining
HNRG,Hallador Energy Company Common Stock,$11.23,-0.08,-0.707%,0.478590123,United States,,316175,Energy,Coal Mining
HPKEW,HighPeak Energy Inc. Warrant,$3.42,-0.08,-2.286%,0.433058256,United States,,3064,Energy,Oil & Gas Production
BRY,Berry Corporation (bry) Common Stock,$4.46,0.09,2.059%,0.343147913,United States,2018.0,616741,Energy,Oil & Gas Production
PNRG,PrimeEnergy Resources Corporation Common Stock,$198.60,-4.1,-2.023%,0.3410955,United States,,24502,Energy,Oil & Gas Production
KGEI,Kolibri Global Energy Inc. Common stock,$7.92,0.26,3.394%,0.283028843,United States,,73520,Energy,Oil & Gas Production
FCEL,FuelCell Energy Inc. Common Stock,$7.03,-0.22,-3.034%,0.143761496,United States,,628327,Energy,Industrial Machinery/Components
TUSK,Mammoth Energy Services Inc. Common Stock,$2.96,-0.01,-0.337%,0.142457012,United States,2016.0,17662,Energy,Oilfield Services/Equipment
MMLP,Martin Midstream Partners L.P. Limited Partnership,$3.62,0.04,1.117%,0.141183931,United States,2002.0,74592,Energy,Oil Refining/Marketing
EPSN,Epsilon Energy Ltd. Common Share,$5.98,-0.07,-1.157%,0.130706809,United States,,62046,Energy,Oil & Gas Production
KLXE,KLX Energy Services Holdings Inc. Common Stock,$4.85,-0.03,-0.615%,0.08177263,United States,,81997,Energy,Oilfield Services/Equipment
NCSM,NCS Multistage Holdings Inc. Common Stock,$29.39,0.71,2.476%,0.073557645,United States,2017.0,6820,Energy,Oilfield Services/Equipment
ANNA,AleAnna Inc. Class A Common Stock,$9.23,0.34,3.825%,0.063132397,United States,,6879,Energy,Oil & Gas Production
USEG,U.S. Energy Corp. Common Stock (DE),$2.03,-0.12,-5.581%,0.056769179,United States,,1091427,Energy,Oil & Gas Production
AREC,American Resources Corporation Class A Common Stock,$0.6372,-0.0279,-4.195%,0.049332824,United States,,206309,Energy,Coal Mining
CME,CME Group Inc. Class A Common Stock,$241.74,-0.07,-0.029%,87.11395847,United States,2002.0,1358997,Finance,Investment Bankers/Brokers/Service
ABNB,Airbnb Inc. Class A Common Stock,$134.52,-0.72,-0.532%,85.281865013,United States,2020.0,4041294,Finance,Diversified Commercial Services
COIN,Coinbase Global Inc. Class A Common Stock,$266.90,-13.32,-4.753%,66.818533237,United States,,6875851,Finance,Finance: Consumer Services
HOOD,Robinhood Markets Inc. Class A Common Stock,$53.34,-2.93,-5.207%,47.151263251,United States,2021.0,24062718,Finance,Investment Bankers/Brokers/Service
NDAQ,Nasdaq Inc. Common Stock,$80.29,-0.92,-1.133%,46.147288025,United States,,2497954,Finance,Investment Bankers/Brokers/Service
HBANL,Huntington Bancshares Incorporated Depositary Shares Each Representing a 1/40th Interest in a Share of 6.875% Series J Non-Cumulative Perpetual Preferred Stock,$25.44,-0.03,-0.118%,36.959521812,United States,,22198,Finance,Major Banks
HBANM,Huntington Bancshares Incorporated Depositary Shares each representing a 1/1000th interest in a share of Huntington Series I Preferred Stock,$22.62,0.01,0.044%,32.862593687,United States,,16297,Finance,Major Banks
FCNCA,First Citizens BancShares Inc. Class A Common Stock,$2155.94,1.37,0.064%,30.16051185,United States,,49184,Finance,Major Banks
FITB,Fifth Third Bancorp Common Stock,$44.00,0.67,1.546%,29.503905728,United States,,3676147,Finance,Major Banks
LPLA,LPL Financial Holdings Inc. Common Stock,$362.42,-3.68,-1.005%,27.137857021,United States,2010.0,880973,Finance,Investment Bankers/Brokers/Service
HBANP,Huntington Bancshares Incorporated Depositary Shares 4.500% Series H Non-Cumulative Perpetual Preferred Stock,$18.07,-0.03,-0.166%,26.252301853,United States,,21985,Finance,Major Banks
AFRM,Affirm Holdings Inc. Class A Common Stock,$78.02,0.27,0.347%,24.814764229,United States,2021.0,8486167,Finance,Finance: Consumer Services
HBAN,Huntington Bancshares Incorporated Common Stock,$16.86,0.13,0.777%,24.494400069,United States,,18784261,Finance,Major Banks
TROW,T. Rowe Price Group Inc. Common Stock,$109.03,-0.59,-0.538%,24.222047014,United States,1986.0,1040988,Finance,Investment Bankers/Brokers/Service
IBKR,Interactive Brokers Group Inc. Class A Common Stock,$221.47,-4.72,-2.087%,24.113449626,United States,2019.0,1434345,Finance,Investment Bankers/Brokers/Service
TPG,TPG Inc. Class A Common Stock,$60.79,-1.59,-2.549%,22.186396027,United States,2022.0,1408921,Finance,Investment Managers
NTRS,Northern Trust Corporation Common Stock,$110.42,-0.58,-0.523%,21.887284893,United States,,1809180,Finance,Major Banks
CINF,Cincinnati Financial Corporation Common Stock,$139.43,3.81,2.809%,21.795014672,United States,,1374158,Finance,Property-Casualty Insurers
PFG,Principal Financial Group Inc Common Stock,$85.45,1.07,1.268%,19.544624993,United States,2001.0,1952325,Finance,Accident &Health Insurance
ERIE,Erie Indemnity Company Class A Common Stock,$396.75,-7.68,-1.899%,18.326521268,United States,,111462,Finance,Specialty Insurers
CG,The Carlyle Group Inc. Common Stock,$49.58,-1.9,-3.691%,17.73383692,United States,2012.0,5612066,Finance,Investment Managers
FITBI,Fifth Third Bancorp Depositary Shares,$26.01,0.01,0.038%,17.440831545,United States,,24793,Finance,Major Banks
FITBP,Fifth Third Bancorp Depositary Shares each representing 1/40th share of Fifth Third 6.00% Non-Cumulative Perpetual Class B Preferred Stock Series A,$24.80,-0.1,-0.402%,16.629474138,United States,,4812,Finance,Major Banks
SOFI,SoFi Technologies Inc. Common Stock  ,$14.83,-0.3,-1.983%,16.092728156,United States,,30263941,Finance,Finance: Consumer Services
SLMBP,SLM Corporation Floating Rate Non-Cumulative Preferred Stock Series B,$75.46,-0.04,-0.053%,16.02245704,United States,,2420,Finance,Finance: Consumer Services
ARCC,Ares Capital Corporation Common Stock,$22.705,-0.165,-0.721%,15.245989932,United States,2004.0,4458160,Finance,Finance: Consumer Services
FITBO,Fifth Third Bancorp Depositary Shares each representing a 1/1000th ownership interest in a share of Non-Cumulative Perpetual Preferred Stock Series K,$22.64,-0.01,-0.044%,15.181100584,United States,,27009,Finance,Major Banks
TW,Tradeweb Markets Inc. Class A Common Stock,$124.45,-0.61,-0.488%,14.456605195,United States,2019.0,1097552,Finance,Investment Bankers/Brokers/Service
MORN,Morningstar Inc. Common Stock,$321.53,-3.14,-0.967%,13.788550717,United States,2005.0,107759,Finance,Investment Managers
EWBC,East West Bancorp Inc. Common Stock,$98.97,1.17,1.196%,13.720126283,United States,,931229,Finance,Major Banks
VLYPO,Valley National Bancorp 5.50% Fixed-to-Floating Rate Non-Cumulative Perpetual Preferred Stock Series B,$25.15,0.0499,0.199%,12.810605552,United States,,1792,Finance,Major Banks
VLYPP,Valley National Bancorp 6.25% Fixed-to-Floating Rate Non-Cumulative Perpetual Preferred Stock Series A,$25.07,0.02,0.08%,12.769856111,United States,,11674,Finance,Major Banks
SEIC,SEI Investments Company Common Stock,$82.69,-1.64,-1.945%,10.659456103,United States,1981.0,521680,Finance,Investment Bankers/Brokers/Service
PNFP,Pinnacle Financial Partners Inc. Common Stock,$123.40,1.07,0.875%,9.53205151,United States,,373063,Finance,Major Banks
CBSH,Commerce Bancshares Inc. Common Stock,$67.36,0.63,0.944%,9.069277112,United States,,511096,Finance,Major Banks
WTFC,Wintrust Financial Corporation Common Stock,$132.39,3.32,2.572%,8.802902888,United States,,465187,Finance,Major Banks
HLNE,Hamilton Lane Incorporated Class A Common Stock,$156.59,-9.8,-5.89%,8.681284772,United States,2017.0,2030735,Finance,Investment Managers
ZION,Zions Bancorporation N.A. Common Stock,$56.84,0.81,1.446%,8.395905631,United States,,1031305,Finance,Major Banks
ONBPP,Old National Bancorp Depositary Shares Each Representing a 1/40th Interest in a Share of Series A Preferred Stock,$25.075,-0.005,-0.02%,7.9982229,United States,,8035,Finance,Major Banks
ONBPO,Old National Bancorp Depositary Shares Each Representing a 1/40th Interest in a Share of Series C Preferred Stock,$25.05,-0.05,-0.199%,7.9902486,United States,,2221,Finance,Major Banks
ISRG,Intuitive Surgical Inc. Common Stock,$591.65,-4.05,-0.68%,211.016092751,United States,2000.0,837053,Health Care,Industrial Specialties
AMGN,Amgen Inc. Common Stock,$296.66,1.87,0.634%,159.464457605,United States,1983.0,3506917,Health Care,Biotechnology: Biological Products (No Diagnostic Substances)
GILD,Gilead Sciences Inc. Common Stock,$96.14,0.66,0.691%,119.815999492,United States,1992.0,6256940,Health Care,Biotechnology: Biological Products (No Diagnostic Substances)
VRTX,Vertex Pharmaceuticals Incorporated Common Stock,$455.22,-14.75,-3.138%,117.232483394,United States,1991.0,1560952,Health Care,Biotechnology: Pharmaceutical Preparations
REGN,Regeneron Pharmaceuticals Inc. Common Stock,$665.46,-24.9,-3.607%,72.751202884,United States,1991.0,1270766,Health Care,Biotechnology: Pharmaceutical Preparations
GEHC,GE HealthCare Technologies Inc. Common Stock ,$87.03,-0.47,-0.537%,39.761655362,United States,,2392445,Health Care,Medical Electronics
IDXX,IDEXX Laboratories Inc. Common Stock,$463.74,-1.17,-0.252%,37.973194083,United States,1991.0,516829,Health Care,Biotechnology: In Vitro & In Vivo Diagnostic Substances
ALNY,Alnylam Pharmaceuticals Inc. Common Stock,$268.99,-5.07,-1.85%,34.694576864,United States,2004.0,283048,Health Care,Biotechnology: Pharmaceutical Preparations
DXCM,DexCom Inc. Common Stock,$86.38,-1.89,-2.141%,33.739629788,United States,2005.0,2585946,Health Care,Medical/Dental Instruments
NTRA,Natera Inc. Common Stock,$169.71,-2.48,-1.44%,22.405252683,United States,2015.0,1553275,Health Care,Medical Specialities
BIIB,Biogen Inc. Common Stock,$139.39,-3.15,-2.21%,20.311818803,United States,,1908950,Health Care,Biotechnology: Biological Products (No Diagnostic Substances)
PODD,Insulet Corporation Common Stock,$284.26,-1.08,-0.378%,19.939353742,United States,2007.0,417009,Health Care,Medical/Dental Instruments
RPRX,Royalty Pharma plc Class A Ordinary Shares ,$32.25,0.53,1.671%,19.001144752,United States,2020.0,7664922,Health Care,Biotechnology: Pharmaceutical Preparations
COO,The Cooper Companies Inc. Common Stock,$93.45,-0.18,-0.192%,18.6509964,United States,,681671,Health Care,Ophthalmic Goods
ILMN,Illumina Inc. Common Stock,$100.68,-4.31,-4.105%,15.967848,United States,2000.0,4267048,Health Care,Medical Specialities
UTHR,United Therapeutics Corporation Common Stock,$353.31,7.67,2.219%,15.773355008,United States,1999.0,508279,Health Care,Biotechnology: Pharmaceutical Preparations
ALGN,Align Technology Inc. Common Stock,$210.52,-1.51,-0.712%,15.715962191,United States,2001.0,650671,Health Care,Industrial Specialties
HOLX,Hologic Inc. Common Stock,$64.47,-0.77,-1.18%,14.466398286,United States,1990.0,2107346,Health Care,Medical Electronics
INSM,Insmed Incorporated Common Stock,$79.89,1.77,2.266%,14.292538381,United States,,1458000,Health Care,Biotechnology: Pharmaceutical Preparations
SMMT,Summit Therapeutics Inc. Common Stock ,$19.08,-1.42,-6.927%,14.070510626,United States,2015.0,1916792,Health Care,Biotechnology: Pharmaceutical Preparations
ITCI,Intra-Cellular Therapies Inc. Common Stock,$127.56,0.44,0.346%,13.523541659,United States,,1569131,Health Care,Biotechnology: Pharmaceutical Preparations
BTSGU,BrightSpring Health Services Inc. Tangible Equity Unit,$77.59,-1.18,-1.498%,13.510469471,United States,2024.0,5954,Health Care,Medical/Nursing Services
INCY,Incyte Corp. Common Stock,$66.33,-1.97,-2.884%,12.778491016,United States,,2845885,Health Care,Biotechnology: Commercial Physical & Biological Resarch
VTRS,Viatris Inc. Common Stock,$10.61,-0.01,-0.094%,12.66402069,United States,,6773053,Health Care,Biotechnology: Pharmaceutical Preparations
BMRN,BioMarin Pharmaceutical Inc. Common Stock,$63.55,0.05,0.079%,12.111550667,United States,1999.0,776483,Health Care,Biotechnology: Pharmaceutical Preparations
MRNA,Moderna Inc. Common Stock,$30.93,-0.94,-2.949%,11.902414894,United States,2018.0,10076382,Health Care,Biotechnology: Biological Products (No Diagnostic Substances)
NBIX,Neurocrine Biosciences Inc. Common Stock,$116.85,-1.955,-1.646%,11.83070155,United States,1996.0,2804653,Health Care,Biotechnology: Biological Products (No Diagnostic Substances)
TECH,Bio-Techne Corp Common Stock,$68.34,-1.575,-2.253%,10.803712256,United States,,2067368,Health Care,Biotechnology: Biological Products (No Diagnostic Substances)
PCVX,Vaxcyte Inc. Common Stock,$85.13,-0.81,-0.943%,10.610309161,United States,2020.0,775582,Health Care,Biotechnology: Pharmaceutical Preparations
SRPT,Sarepta Therapeutics Inc. Common Stock (DE),$109.68,-3.06,-2.714%,10.476595212,United States,,654224,Health Care,Biotechnology: Pharmaceutical Preparations
MEDP,Medpace Holdings Inc. Common Stock,$327.86,-26.65,-7.517%,10.190413704,United States,2016.0,879127,Health Care,Biotechnology: Commercial Physical & Biological Resarch
HSIC,Henry Schein Inc. Common Stock,$77.48,-1.42,-1.80%,9.660306659,United States,1995.0,1251293,Health Care,Medical Specialities
MASI,Masimo Corporation Common Stock,$176.90,-1.51,-0.846%,9.471326125,United States,2007.0,347837,Health Care,Biotechnology: Electromedical & Electrotherapeutic Apparatus
EXAS,Exact Sciences Corporation Common Stock,$51.06,-1.32,-2.52%,9.449995521,United States,2001.0,1986099,Health Care,Medical Specialities
EXEL,Exelixis Inc. Common Stock,$32.81,-0.69,-2.06%,9.369847646,United States,2000.0,2181601,Health Care,Biotechnology: Biological Products (No Diagnostic Substances)
RGEN,Repligen Corporation Common Stock,$149.49,-4.37,-2.84%,8.37543512,United States,1986.0,429688,Health Care,Biotechnology: Biological Products (No Diagnostic Substances)
ENSG,The Ensign Group Inc. Common Stock,$129.08,-0.15,-0.116%,7.416339676,United States,2007.0,402824,Health Care,Hospital/Nursing Management
HALO,Halozyme Therapeutics Inc. Common Stock,$57.33,-0.01,-0.017%,7.29392391,United States,,1143541,Health Care,Biotechnology: Biological Products (No Diagnostic Substances)
MDGL,Madrigal Pharmaceuticals Inc. Common Stock,$331.79,-5.77,-1.709%,7.236474939,United States,2007.0,315532,Health Care,Biotechnology: Pharmaceutical Preparations
CORT,Corcept Therapeutics Incorporated Common Stock,$68.11,0.57,0.844%,7.136234581,United States,2004.0,576904,Health Care,Biotechnology: Pharmaceutical Preparations
LIN,Linde plc Ordinary Shares,$460.74,-0.12,-0.026%,219.384992228,United States,,1587763,Industrials,Major Chemicals
HON,Honeywell International Inc. Common Stock,$206.94,-1.58,-0.758%,134.562192817,United States,,3077232,Industrials,Aerospace
CSX,CSX Corporation Common Stock,$33.11,0.03,0.091%,63.849958156,United States,,9176496,Industrials,Railroads
ROP,Roper Technologies Inc. Common Stock,$581.35,6.83,1.189%,62.337666934,United States,1992.0,552398,Industrials,Industrial Machinery/Components
AXON,Axon Enterprise Inc. Common Stock,$669.26,-8.59,-1.267%,51.034271386,United States,2001.0,421465,Industrials,Ordnance And Accessories
BKR,Baker Hughes Company Class A Common Stock,$47.11,-0.07,-0.148%,46.644169442,United States,,5240411,Industrials,Metal Fabrications
ODFL,Old Dominion Freight Line Inc. Common Stock,$205.77,3.99,1.977%,43.931387983,United States,1991.0,1956922,Industrials,Trucking Freight/Courier Services
FWONK,Liberty Media Corporation Series C Liberty Formula One Common Stock,$100.07,0.52,0.522%,24.88802353,United States,,643286,Industrials,Broadcasting
FOXA,Fox Corporation Class A Common Stock,$53.39,0.14,0.263%,24.208513339,United States,,2290019,Industrials,Broadcasting
FWONA,Liberty Media Corporation Series A Liberty Formula One Common Stock,$92.72,0.72,0.783%,23.060033394,United States,,52601,Industrials,Broadcasting
FOX,Fox Corporation Class B Common Stock,$50.55,0.2,0.397%,22.920778222,United States,,524404,Industrials,Broadcasting
STLD,Steel Dynamics Inc.,$134.86,1.99,1.498%,20.531760026,United States,1996.0,2616402,Industrials,Steel/Iron Ore
TER,Teradyne Inc. Common Stock,$112.72,-1.34,-1.175%,18.357743997,United States,,1697330,Industrials,Electrical Products
ZBRA,Zebra Technologies Corporation Class A Common Stock,$354.40,-4.04,-1.127%,18.279961923,United States,1991.0,951090,Industrials,Industrial Machinery/Components
TRMB,Trimble Inc. Common Stock,$73.83,-0.53,-0.713%,18.146827347,United States,1990.0,830706,Industrials,Industrial Machinery/Components
SYM,Symbotic Inc. Class A Common Stock,$29.14,0.95,3.37%,17.145737052,United States,2021.0,2112291,Industrials,Industrial Machinery/Components
JBHT,J.B. Hunt Transport Services Inc. Common Stock,$167.50,0.4,0.239%,16.889017295,United States,,653393,Industrials,Trucking Freight/Courier Services
ENTG,Entegris Inc. Common Stock,$105.74,-0.99,-0.928%,15.966524396,United States,2000.0,1975015,Industrials,Plastic Products
PARAA,Paramount Global Class A Common Stock,$22.30,-0.08,-0.357%,14.873546425,United States,,19067,Industrials,Broadcasting
RKLB,Rocket Lab USA Inc. Common Stock,$28.22,-2.38,-7.778%,14.107490621,United States,2020.0,20175358,Industrials,Military/Government/Technical
SAIA,Saia Inc. Common Stock,$492.55,-3.44,-0.694%,13.099404191,United States,,211764,Industrials,Trucking Freight/Courier Services
NDSN,Nordson Corporation Common Stock,$216.66,-0.14,-0.065%,12.353092193,United States,,199641,Industrials,Industrial Machinery/Components
FTAI,FTAI Aviation Ltd. Common Stock,$119.51,2.83,2.425%,12.255712137,United States,,918137,Industrials,Misc Corporate Leasing Services
LECO,Lincoln Electric Holdings Inc. Common Shares,$193.50,0.5,0.259%,10.918392881,United States,,184167,Industrials,Industrial Machinery/Components
RGLD,Royal Gold Inc. Common Stock,$144.87,-2.2,-1.496%,9.526192686,United States,,366945,Industrials,Precious Metals
AAON,AAON Inc. Common Stock,$112.76,-0.51,-0.45%,9.165090515,United States,,475608,Industrials,Industrial Machinery/Components
MIDD,Middleby Corporation (The) Common Stock,$164.52,-0.74,-0.448%,8.850050354,United States,,578070,Industrials,Industrial Machinery/Components
BRKR,Bruker Corporation Common Stock,$50.65,-0.48,-0.939%,7.678450856,United States,,2139296,Industrials,Biotechnology: Laboratory Analytical Instruments
MKSI,MKS Instruments Inc. Common Stock,$110.64,-2.2,-1.95%,7.445954832,United States,1999.0,896112,Industrials,Industrial Machinery/Components
PARA,Paramount Global Class B Common Stock,$10.57,0.02,0.19%,7.04992761,United States,,6600814,Industrials,Broadcasting
LLYVK,Liberty Media Corporation Series C Liberty Live Common Stock,$76.51,0.48,0.631%,7.018891289,United States,,263658,Industrials,Broadcasting
WSC,WillScot Holdings Corporation Class A Common Stock,$37.91,0.21,0.557%,7.004233669,United States,2015.0,1599468,Industrials,Misc Corporate Leasing Services
LLYVA,Liberty Media Corporation Series A Liberty Live Common Stock,$74.90,0.44,0.591%,6.871192753,United States,,89635,Industrials,Broadcasting
CGNX,Cognex Corporation Common Stock,$39.62,0.16,0.405%,6.795435354,United States,1989.0,1518050,Industrials,Industrial Machinery/Components
NXT,Nextracker Inc. Class A Common Stock,$45.12,-0.82,-1.785%,6.570330904,United States,2023.0,2179735,Industrials,Industrial Machinery/Components
LSTR,Landstar System Inc. Common Stock,$161.17,1.12,0.70%,5.694325152,United States,1993.0,246381,Industrials,Trucking Freight/Courier Services
CHX,ChampionX Corporation Common Stock ,$29.70,0.3,1.02%,5.66676,United States,,3173845,Industrials,Industrial Machinery/Components
CSWI,CSW Industrials Inc. Common Stock,$324.36,-2.44,-0.747%,5.443759829,United States,,93950,Industrials,Home Furnishings
BCPC,Balchem Corporation Common Stock,$159.95,0.56,0.351%,5.199609174,United States,,99001,Industrials,Major Chemicals
AVAV,AeroVironment Inc. Common Stock,$179.35,-2.8,-1.537%,5.058453042,United States,2007.0,248593,Industrials,Aerospace
IDCC,InterDigital Inc. Common Stock,$207.62,0.57,0.275%,5.332520592,United States,,479444,Miscellaneous,Multi-Sector Companies
NOVT,Novanta Inc. Common Stock,$146.53,-1.13,-0.765%,5.263552192,United States,,127988,Miscellaneous,Industrial Machinery/Components
ENVX,Enovix Corporation Common Stock,$10.57,-1.22,-10.348%,1.881219046,United States,2021.0,7599525,Miscellaneous,Industrial Machinery/Components
RUN,Sunrun Inc. Common Stock,$8.10,-0.26,-3.11%,1.817148929,United States,2015.0,8420778,Miscellaneous,Industrial Machinery/Components
FLNC,Fluence Energy Inc. Class A Common Stock,$7.00,-6.07,-46.442%,1.267843318,United States,2021.0,53145067,Miscellaneous,Industrial Machinery/Components
EOSE,Eos Energy Enterprises Inc. Class A Common Stock,$4.91,-0.49,-9.074%,1.069949693,United States,,12392189,Miscellaneous,Industrial Machinery/Components
CTLP,Cantaloupe Inc. Common Stock,$10.53,0.6,6.042%,0.769054075,United States,,1247252,Miscellaneous,Office Equipment/Supplies/Services
BYRN,Byrna Technologies Inc. Common Stock,$32.33,-1.86,-5.44%,0.732175118,United States,,833513,Miscellaneous,Industrial Machinery/Components
MVST,Microvast Holdings Inc. Common Stock,$1.79,0.11,6.548%,0.579629383,United States,2019.0,9350708,Miscellaneous,Industrial Machinery/Components
APPS,Digital Turbine Inc. Common Stock,$5.45,0.07,1.301%,0.572287109,United States,,9508976,Miscellaneous,Multi-Sector Companies
ACTG,Acacia Research Corporation (Acacia Tech) Common Stock,$4.25,0.0,0.00%,0.413814701,United States,,67398,Miscellaneous,Multi-Sector Companies
SLDP,Solid Power Inc. Class A Common Stock,$1.31,-0.02,-1.504%,0.236307846,United States,2021.0,1711720,Miscellaneous,Industrial Machinery/Components
JYNT,The Joint Corp. Common Stock,$11.56,0.02,0.173%,0.17321052,United States,2014.0,38965,Miscellaneous,Multi-Sector Companies
EOSEW,Eos Energy Enterprises Inc. Warrant,$0.72,-0.23,-24.211%,0.1568969,United States,,366829,Miscellaneous,Industrial Machinery/Components
ULBI,Ultralife Corporation Common Stock,$7.45,-0.37,-4.731%,0.123870629,United States,1992.0,60167,Miscellaneous,Industrial Machinery/Components
MVSTW,Microvast Holdings Inc. Warrants,$0.35,0.0351,11.146%,0.113335354,United States,2019.0,247495,Miscellaneous,Industrial Machinery/Components
ZEO,Zeo Energy Corporation Class A Common Stock,$2.25,-0.03,-1.316%,0.110839151,United States,2021.0,42801,Miscellaneous,Industrial Machinery/Components
NEOV,NeoVolta Inc. Common Stock,$3.10,0.07,2.31%,0.103593081,United States,,427916,Miscellaneous,Industrial Machinery/Components
LASE,Laser Photonics Corporation Common Stock,$3.99,-0.09,-2.206%,0.055191256,United States,2022.0,256326,Miscellaneous,Industrial Machinery/Components
REFR,Research Frontiers Incorporated Common Stock,$1.56,0.16,11.429%,0.052287748,United States,,53023,Miscellaneous,Multi-Sector Companies
STI,Solidion Technology Inc. Common Stock,$0.3936,-0.0044,-1.106%,0.048513126,United States,2022.0,1820449,Miscellaneous,Industrial Machinery/Components
NEOVW,NeoVolta Inc. Warrant,$1.30,0.15,13.043%,0.043370224,United States,,18680,Miscellaneous,Industrial Machinery/Components
SLDPW,Solid Power Inc. Warrant,$0.2371,-0.0303,-11.331%,0.042769916,United States,2021.0,21700,Miscellaneous,Industrial Machinery/Components
FLUX,Flux Power Holdings Inc. Common Stock,$1.69,-0.04,-2.312%,0.028193366,United States,,43236,Miscellaneous,Industrial Machinery/Components
RMCO,Royalty Management Holding Corporation Class A Common Stock,$1.17,0.0,0.00%,0.017471514,United States,2023.0,2416,Miscellaneous,Multi-Sector Companies
DFLI,Dragonfly Energy Holdings Corp. Common Stock (NV),$2.27,-0.13,-5.417%,0.015922318,United States,2021.0,22998,Miscellaneous,Industrial Machinery/Components
ADN,Advent Technologies Holdings Inc. Class A Common Stock,$4.93,0.04,0.818%,0.012997984,United States,2018.0,14126,Miscellaneous,Industrial Machinery/Components
AMOD,Alpha Modus Holdings Inc. Class A Common Stock,$1.89,-0.07,-3.571%,0.012321061,United States,,184652,Miscellaneous,Multi-Sector Companies
XELB,Xcel Brands Inc. Common Stock,$0.3695,-0.0239,-6.075%,0.00873497,United States,,37513,Miscellaneous,Multi-Sector Companies
POLA,Polar Power Inc. Common Stock,$2.74,-0.12,-4.196%,0.006874117,United States,2016.0,5211,Miscellaneous,Industrial Machinery/Components
ZEOWW,Zeo Energy Corporation Warrants,$0.1375,0.0163,13.449%,0.006773504,United States,2021.0,4500,Miscellaneous,Industrial Machinery/Components
XPON,Expion360 Inc. Common Stock,$1.42,0.05,3.65%,0.002976436,United States,2022.0,148646,Miscellaneous,Industrial Machinery/Components
AMODW,Alpha Modus Holdings Inc. Warrant,$0.06,-0.0105,-14.894%,0.000391145,United States,,72747,Miscellaneous,Multi-Sector Companies
RMCOW,Royalty Management Holding Corporation Warrant,$0.0156,-0.0021,-11.864%,0.000232954,United States,2023.0,6225,Miscellaneous,Multi-Sector Companies
DFLIW,Dragonfly Energy Holdings Corp. Warrant,$0.0264,-0.0008,-2.941%,0.000185176,United States,2021.0,8610,Miscellaneous,Industrial Machinery/Components
ADNWW,Advent Technologies Holdings Inc. Warrant,$0.013,0.0001,0.775%,3.4275e-05,United States,2018.0,142731,Miscellaneous,Industrial Machinery/Components
SIMA,SIM Acquisition Corp. I Class A Ordinary Shares,$10.10,-0.0171,-0.169%,0.0,United States,2024.0,2495,Miscellaneous,Industrial Machinery/Components
EQIX,Equinix Inc. Common Stock REIT,$943.64,0.5,0.053%,91.050112781,United States,2000.0,437783,Real Estate,Real Estate Investment Trusts
AGNCN,AGNC Investment Corp. Depositary Shares Each Representing a 1/1000th Interest in a Share of 7.00% Series C Fixed-To-Floating Rate Cumulative Redeemable Preferred Stock,$25.69,-0.01,-0.039%,22.75208731,United States,,15541,Real Estate,Real Estate Investment Trusts
SBAC,SBA Communications Corporation Class A Common Stock,$209.24,2.93,1.42%,22.498032172,United States,1999.0,526293,Real Estate,Real Estate Investment Trusts
AGNCO,AGNC Investment Corp. Depositary Shares each representing a 1/1000th interest in a share of 6.50% Series E Fixed-to-Floating Cumulative Redeemable Preferred Stock,$25.38,0.01,0.039%,22.477538962,United States,,14863,Real Estate,Real Estate Investment Trusts
AGNCM,AGNC Investment Corp. Depositary Shares rep 6.875% Series D Fixed-to-Floating Cumulative Redeemable Preferred Stock,$25.1586,0.0286,0.114%,22.281458303,United States,,10693,Real Estate,Real Estate Investment Trusts
AGNCP,AGNC Investment Corp. Depositary Shares Each Representing a 1/1000th Interest in a Share of 6.125% Series F Fixed-to-Floating Rate Cumulative Redeemable Preferred Stock,$24.97,0.02,0.08%,22.11442663,United States,,24705,Real Estate,Real Estate Investment Trusts
AGNCL,AGNC Investment Corp. Depositary Shares Each Representing a 1/1000th Interest in a Share of 7.75% Series G Fixed-Rate Reset Cumulative Redeemable Preferred Stock,$24.80,0.17,0.69%,21.963867858,United States,,17902,Real Estate,Real Estate Investment Trusts
REG,Regency Centers Corporation Common Stock,$74.42,0.81,1.10%,13.50763157,United States,1993.0,950985,Real Estate,Real Estate Investment Trusts
GLPI,Gaming and Leisure Properties Inc. Common Stock,$48.76,-0.32,-0.652%,13.379332124,United States,,880759,Real Estate,Real Estate Investment Trusts
LINE,Lineage Inc. Common Stock,$57.50,0.15,0.262%,13.133674475,United States,2024.0,599120,Real Estate,Real Estate Investment Trusts
LAMR,Lamar Advertising Company Class A Common Stock,$126.75,-1.43,-1.116%,12.973852037,United States,1996.0,347748,Real Estate,Real Estate Investment Trusts
HST,Host Hotels & Resorts Inc. Common Stock,$16.49,-0.06,-0.363%,11.526992728,United States,,4612893,Real Estate,Real Estate Investment Trusts
AGNC,AGNC Investment Corp. Common Stock,$10.18,0.04,0.394%,9.0158135,United States,2008.0,20213948,Real Estate,Real Estate Investment Trusts
LOPE,Grand Canyon Education Inc. Common Stock,$182.00,0.2,0.11%,5.304532142,United States,2008.0,184476,Real Estate,Other Consumer Services
PECO,Phillips Edison & Company Inc. Common Stock,$37.12,0.3,0.815%,4.550912,United States,2021.0,602396,Real Estate,Real Estate Investment Trusts
REGCP,Regency Centers Corporation 6.25% Series A Cumulative Redeemable Preferred Stock,$23.20,0.16,0.694%,4.210925187,United States,,20102,Real Estate,Real Estate Investment Trusts
REGCO,Regency Centers Corporation 5.875% Series B Cumulative Redeemable Preferred Stock,$22.29,0.14,0.632%,4.045755277,United States,,11048,Real Estate,Real Estate Investment Trusts
DHCNL,Diversified Healthcare Trust 6.25% Senior Notes Due 2046,$16.57,0.12,0.729%,3.997932931,United States,,11402,Real Estate,Real Estate Investment Trusts
SBRA,Sabra Health Care REIT Inc. Common Stock,$16.24,-0.39,-2.345%,3.842169713,United States,,3180393,Real Estate,Real Estate Investment Trusts
DHCNI,Diversified Healthcare Trust 5.625% Senior Notes due 2042,$14.75,0.13,0.889%,3.558811752,United States,,24763,Real Estate,Real Estate Investment Trusts
PCH,PotlatchDeltic Corporation Common Stock,$44.64,-0.15,-0.335%,3.51598032,United States,,405428,Real Estate,Real Estate Investment Trusts
LAUR,Laureate Education Inc. Common Stock,$19.91,0.07,0.353%,3.000136976,United States,2017.0,520029,Real Estate,Other Consumer Services
STRA,Strategic Education Inc. Common Stock,$100.59,0.54,0.54%,2.471439869,United States,1996.0,50307,Real Estate,Other Consumer Services
NYMTM,New York Mortgage Trust Inc. 7.875% Series E Fixed-to-Floating Rate Cumulative Redeemable Preferred Stock,$25.30,0.0272,0.108%,2.29166006,United States,,4837,Real Estate,Real Estate Investment Trusts
NYMTI,New York Mortgage Trust Inc. 9.125% Senior Notes Due 2029,$25.1999,-0.0001,0.00%,2.282593057,United States,,7775,Real Estate,Real Estate Investment Trusts
ROIC,Retail Opportunity Investments Corp. Common Stock (MD),$17.49,-0.01,-0.057%,2.250068736,United States,,840126,Real Estate,Real Estate Investment Trusts
NYMTN,New York Mortgage Trust Inc. 8.00% Series D Fixed-to-Floating Rate Cumulative Redeemable Preferred Stock,$22.948,0.028,0.122%,2.078617196,United States,,11371,Real Estate,Real Estate Investment Trusts
NYMTL,New York Mortgage Trust Inc. 6.875% Series F Fixed-to-Floating Rate Cumulative Redeemable Preferred Stock $0.01 par value per share,$22.00,0.12,0.548%,1.992747878,United States,,11347,Real Estate,Real Estate Investment Trusts
PRDO,Perdoceo Education Corporation Common Stock,$28.39,-0.06,-0.211%,1.865687375,United States,,336389,Real Estate,Other Consumer Services
NYMTZ,New York Mortgage Trust Inc. 7.000% Series G Cumulative Redeemable Preferred Stock $0.01 par value per share,$19.29,-0.2,-1.026%,1.747277571,United States,,2543,Real Estate,Real Estate Investment Trusts
UNIT,Uniti Group Inc. Common Stock,$5.56,0.14,2.583%,1.357276865,United States,,894791,Real Estate,Real Estate Investment Trusts
UDMY,Udemy Inc. Common Stock,$7.70,-0.17,-2.16%,1.123440911,United States,2021.0,407604,Real Estate,Other Consumer Services
GOODN,Gladstone Commercial Corporation 6.625% Series E Cumulative Redeemable Preferred Stock,$22.74,-0.0301,-0.132%,0.998725087,United States,,5514,Real Estate,Real Estate
GOODO,Gladstone Commercial Corporation 6.00% Series G Cumulative Redeemable Preferred Stock par value $0.001 per share,$20.67,-0.005,-0.024%,0.907812117,United States,,6958,Real Estate,Real Estate
LANDM,Gladstone Land Corporation 5.00% Series D Cumulative Term Preferred Stock,$24.79,0.017,0.069%,0.897017672,United States,,232,Real Estate,Real Estate Investment Trusts
LANDO,Gladstone Land Corporation 6.00% Series B Cumulative Redeemable Preferred Stock,$20.50,-0.19,-0.918%,0.741785489,United States,,13584,Real Estate,Real Estate Investment Trusts
LANDP,Gladstone Land Corporation 6.00% Series C Cumulative Redeemable Preferred Stock,$20.40,-0.0148,-0.072%,0.738167023,United States,,55424,Real Estate,Real Estate Investment Trusts
GOOD,Gladstone Commercial Corporation Real Estate Investment Trust,$16.23,0.09,0.558%,0.712810385,United States,2003.0,155369,Real Estate,Real Estate
DHC,Diversified Healthcare Trust Common Shares of Beneficial Interest,$2.63,-0.01,-0.379%,0.634554231,United States,,1161374,Real Estate,Real Estate Investment Trusts
NYMT,New York Mortgage Trust Inc. Common Stock,$6.18,0.01,0.162%,0.559780995,United States,,392970,Real Estate,Real Estate Investment Trusts
AAPL,Apple Inc. Common Stock,$232.62,4.97,2.183%,3494.43462126,United States,1980.0,53677039,Technology,Computer Manufacturing
NVDA,NVIDIA Corporation Common Stock,$132.80,-0.77,-0.576%,3252.272,United States,1999.0,178309816,Technology,Semiconductors
MSFT,Microsoft Corporation Common Stock,$411.44,-0.78,-0.189%,3058.637650768,United States,1986.0,18122243,Technology,Computer Software: Prepackaged Software
GOOG,Alphabet Inc. Class C Capital Stock,$187.07,-1.13,-0.60%,2280.3833,United States,2004.0,13009209,Technology,Computer Software: Programming Data Processing
GOOGL,Alphabet Inc. Class A Common Stock,$185.32,-1.15,-0.617%,2259.0508,United States,2004.0,21214228,Technology,Computer Software: Programming Data Processing
META,Meta Platforms Inc. Class A Common Stock,$719.80,2.4,0.335%,1823.727938947,United States,2012.0,12982372,Technology,Computer Software: Programming Data Processing
AVGO,Broadcom Inc. Common Stock,$235.04,0.0,0.00%,1101.716190906,United States,2009.0,18461539,Technology,Semiconductors
PLTR,Palantir Technologies Inc. Class A Common Stock,$112.62,-4.03,-3.455%,256.43754192,United States,,93944544,Technology,Computer Software: Prepackaged Software
ADBE,Adobe Inc. Common Stock,$458.82,7.72,1.711%,199.724346,United States,1986.0,3255500,Technology,Computer Software: Prepackaged Software
QCOM,QUALCOMM Incorporated Common Stock,$171.99,0.63,0.368%,190.22094,United States,1991.0,6586134,Technology,Radio And Television Broadcasting And Communications Equipment
AMD,Advanced Micro Devices Inc. Common Stock,$111.10,0.62,0.561%,180.035101578,United States,,34954242,Technology,Semiconductors
INTU,Intuit Inc. Common Stock,$585.88,-0.96,-0.164%,164.0669058,United States,1993.0,1856677,Technology,Computer Software: Prepackaged Software
TXN,Texas Instruments Incorporated Common Stock,$179.25,-1.06,-0.588%,163.51482806,United States,,3795263,Technology,Semiconductors
AMAT,Applied Materials Inc. Common Stock,$183.20,-0.46,-0.25%,149.067025682,United States,1972.0,3907314,Technology,Semiconductors
PANW,Palo Alto Networks Inc. Common Stock,$195.49,-0.91,-0.463%,128.280538,United States,,5650280,Technology,Computer peripheral equipment
APP,Applovin Corporation Class A Common Stock,$375.25,-9.15,-2.38%,125.930824451,United States,2021.0,4247646,Technology,Computer Software: Programming Data Processing
ADP,Automatic Data Processing Inc. Common Stock,$305.78,-1.15,-0.375%,124.412981662,United States,,1150971,Technology,EDP Services
LRCX,Lam Research Corporation Common Stock,$83.26,-0.47,-0.561%,106.87769812,United States,1984.0,8902642,Technology,Industrial Machinery/Components
CRWD,CrowdStrike Holdings Inc. Class A Common Stock,$431.64,2.72,0.634%,106.317857876,United States,2019.0,2322469,Technology,Computer Software: Prepackaged Software
MU,Micron Technology Inc. Common Stock,$94.08,-1.85,-1.928%,104.821295363,United States,,12111570,Technology,Semiconductors
ADI,Analog Devices Inc. Common Stock,$203.46,-1.4,-0.683%,100.976557915,United States,,2335742,Technology,Semiconductors
KLAC,KLA Corporation Common Stock,$758.62,7.16,0.953%,100.810543251,United States,1980.0,591826,Technology,Electronic Components
MRVL,Marvell Technology Inc. Common Stock,$109.12,-3.68,-3.262%,94.421536,United States,2000.0,9050182,Technology,Semiconductors
INTC,Intel Corporation Common Stock,$20.97,1.2,6.07%,90.8001,United States,,150707167,Technology,Semiconductors
CDNS,Cadence Design Systems Inc. Common Stock,$303.87,-1.76,-0.576%,83.34029781,United States,,959645,Technology,Computer Software: Prepackaged Software
FTNT,Fortinet Inc. Common Stock,$108.33,-1.22,-1.114%,83.029820774,United States,2009.0,4428939,Technology,Computer peripheral equipment
SNPS,Synopsys Inc. Common Stock,$529.14,-2.19,-0.412%,81.793640504,United States,1992.0,431552,Technology,Computer Software: Prepackaged Software
MSTR,MicroStrategy Incorporated Common Stock Class A,$319.46,-15.16,-4.531%,80.545172189,United States,1998.0,11983935,Technology,Computer Software: Prepackaged Software
WDAY,Workday Inc. Class A Common Stock,$263.00,-6.88,-2.549%,69.958,United States,,2602397,Technology,EDP Services
ADSK,Autodesk Inc. Common Stock,$299.72,-5.27,-1.728%,64.4398,United States,,1375462,Technology,Computer Software: Prepackaged Software
TTD,The Trade Desk Inc. Class A Common Stock,$120.21,-2.33,-1.901%,59.332520082,United States,2016.0,4962760,Technology,Computer Software: Programming Data Processing
DDOG,Datadog Inc. Class A Common Stock,$145.42,-1.68,-1.142%,49.402526658,United States,2019.0,3398494,Technology,Computer Software: Prepackaged Software
CTSH,Cognizant Technology Solutions Corporation Class A Common Stock,$87.87,0.91,1.046%,43.568077726,United States,1998.0,3192570,Technology,EDP Services
VRSK,Verisk Analytics Inc. Common Stock,$294.30,0.3,0.102%,41.558289586,United States,2009.0,342652,Technology,EDP Services
TTWO,Take-Two Interactive Software Inc. Common Stock,$209.94,-2.57,-1.209%,37.053508518,United States,1997.0,1783190,Technology,Computer Software: Prepackaged Software
EA,Electronic Arts Inc. Common Stock,$133.35,1.26,0.954%,34.75335616,United States,,3200464,Technology,Computer Software: Prepackaged Software
MPWR,Monolithic Power Systems Inc. Common Stock,$699.03,-6.33,-0.897%,34.0986834,United States,2004.0,708276,Technology,Semiconductors
ZS,Zscaler Inc. Common Stock,$209.24,-3.29,-1.548%,32.105497477,United States,2018.0,1680581,Technology,EDP Services
ANSS,ANSYS Inc. Common Stock,$341.43,-0.57,-0.167%,29.858037794,United States,1996.0,241610,Technology,Computer Software: Prepackaged Software
MCHP,Microchip Technology Incorporated Common Stock,$52.58,0.53,1.018%,28.27852139,United States,1993.0,7801442,Technology,Semiconductors
TMUS,T-Mobile US Inc. Common Stock,$258.70,2.87,1.122%,295.369419082,United States,,2597545,Telecommunications,Telecommunications Equipment
CSCO,Cisco Systems Inc. Common Stock (DE),$62.43,-0.38,-0.605%,248.643598172,United States,1990.0,17697249,Telecommunications,Computer Communications Equipment
CMCSA,Comcast Corporation Class A Common Stock,$35.23,0.76,2.205%,133.205426233,United States,,32637663,Telecommunications,Cable & Other Pay Television Services
CHTR,Charter Communications Inc. Class A Common Stock New,$350.92,7.19,2.092%,49.811840163,United States,,612957,Telecommunications,Cable & Other Pay Television Services
WBD,Warner Bros. Discovery Inc. Series A Common Stock ,$9.85,-0.13,-1.303%,24.163676205,United States,,27456604,Telecommunications,Cable & Other Pay Television Services
FFIV,F5 Inc. Common Stock,$308.39,0.04,0.013%,17.779379228,United States,1999.0,513318,Telecommunications,Computer Communications Equipment
ROKU,Roku Inc. Class A Common Stock,$82.75,-1.85,-2.187%,12.015236034,United States,2017.0,3596339,Telecommunications,Cable & Other Pay Television Services
LBRDK,Liberty Broadband Corporation Class C Common Stock,$78.53,1.42,1.842%,11.217860822,United States,,390273,Telecommunications,Cable & Other Pay Television Services
LBRDA,Liberty Broadband Corporation Class A Common Stock,$77.93,1.53,2.003%,11.132151965,United States,,53941,Telecommunications,Cable & Other Pay Television Services
FYBR,Frontier Communications Parent Inc. Common Stock,$35.77,-0.04,-0.112%,8.90726655,United States,,2008486,Telecommunications,Telecommunications Equipment
LITE,Lumentum Holdings Inc. Common Stock,$79.60,-2.33,-2.844%,5.50832,United States,,2520085,Telecommunications,Telecommunications Equipment
LBRDP,Liberty Broadband Corporation Series A Cumulative Redeemable Preferred Stock,$24.9262,-0.0188,-0.075%,3.560660161,United States,,5364,Telecommunications,Cable & Other Pay Television Services
IRDM,Iridium Communications Inc Common Stock,$27.81,-0.16,-0.572%,3.166106817,United States,,1380103,Telecommunications,Telecommunications Equipment
ZD,Ziff Davis Inc. Common Stock,$54.28,0.73,1.363%,2.319998524,United States,,263257,Telecommunications,Telecommunications Equipment
EXTR,Extreme Networks Inc. Common Stock,$15.58,0.05,0.322%,2.068327636,United States,1999.0,546486,Telecommunications,Computer Communications Equipment
LILA,Liberty Latin America Ltd. Class A Common Stock,$6.89,0.23,3.453%,1.355263,United States,,377756,Telecommunications,Cable & Other Pay Television Services
LILAK,Liberty Latin America Ltd. Class C Common Stock,$6.87,0.23,3.464%,1.351329,United States,,859690,Telecommunications,Cable & Other Pay Television Services
DGII,Digi International Inc. Common Stock,$35.13,-0.51,-1.431%,1.296268545,United States,1989.0,211892,Telecommunications,Computer Communications Equipment
TTGT,TechTarget Inc. Common Stock,$17.05,-0.47,-2.683%,1.218294315,United States,,142423,Telecommunications,Telecommunications Equipment
AIOT,PowerFleet Inc. Common Stock,$8.51,0.71,9.103%,1.12449912,United States,,6909231,Telecommunications,Telecommunications Equipment
NSSC,NAPCO Security Technologies Inc. Common Stock,$25.84,-0.2,-0.768%,0.940612719,United States,,635977,Telecommunications,Telecommunications Equipment
MATW,Matthews International Corporation Class A Common Stock,$24.68,-0.09,-0.363%,0.76430717,United States,1994.0,256867,Telecommunications,Metal Fabrications
ATEX,Anterix Inc. Common Stock,$36.16,7.64,26.788%,0.673236679,United States,2015.0,858063,Telecommunications,Telecommunications Equipment
SHEN,Shenandoah Telecommunications Co Common Stock,$11.87,0.03,0.253%,0.648127473,United States,,135657,Telecommunications,Telecommunications Equipment
AMCX,AMC Networks Inc. Class A Common Stock,$9.73,0.03,0.309%,0.42929518,United States,,347418,Telecommunications,Cable & Other Pay Television Services
TBCH,Turtle Beach Corporation Common Stock,$17.75,-0.02,-0.113%,0.356407983,United States,,98410,Telecommunications,Telecommunications Equipment
SPOK,Spok Holdings Inc. Common Stock,$16.62,0.16,0.972%,0.33692654,United States,,66109,Telecommunications,Telecommunications Equipment
ATNI,ATN International Inc. Common Stock,$17.51,0.68,4.04%,0.264649922,United States,,79233,Telecommunications,Telecommunications Equipment
REKR,Rekor Systems Inc. Common Stock,$2.03,-0.07,-3.333%,0.190465408,United States,,4847166,Telecommunications,Telecommunications Equipment
INSG,Inseego Corp. Common Stock,$12.70,-0.11,-0.859%,0.189929859,United States,,70642,Telecommunications,Telecommunications Equipment
CXDO,Crexendo Inc. Common Stock,$5.90,-0.27,-4.376%,0.159899723,United States,,99911,Telecommunications,Telecommunications Equipment
LTRX,Lantronix Inc. Common Stock,$3.01,-0.11,-3.526%,0.116756889,United States,2000.0,643911,Telecommunications,Computer Communications Equipment
BWEN,Broadwind Inc. Common Stock,$1.71,0.0,0.00%,0.03781502,United States,,71125,Telecommunications,Metal Fabrications
KSCP,Knightscope Inc. Class A Common Stock,$9.79,-0.66,-6.316%,0.037382626,United States,2022.0,247376,Telecommunications,Telecommunications Equipment
FOXX,Foxx Development Holdings Inc. Common Stock,$4.27,0.05,1.185%,0.031088149,United States,,472088,Telecommunications,Computer Communications Equipment
NXPL,NextPlat Corp Common Stock,$1.02,0.0325,3.291%,0.026482312,United States,,41182,Telecommunications,Telecommunications Equipment
AMPG,Amplitech Group Inc. Common Stock,$2.36,-0.2,-7.813%,0.026176178,United States,,898005,Telecommunications,Telecommunications Equipment
INTZ,Intrusion Inc. Common Stock,$1.68,-0.15,-8.197%,0.013534115,United States,,704418,Telecommunications,Computer Communications Equipment
SIDU,Sidus Space Inc. Class A Common Stock,$2.78,0.02,0.725%,0.011624136,United States,2021.0,1609369,Telecommunications,Telecommunications Equipment
ASNS,Actelis Networks Inc. Common Stock,$1.25,0.04,3.306%,0.010626033,United States,2022.0,148724,Telecommunications,Telecommunications Equipment
CEG,Constellation Energy Corporation Common Stock ,$313.58,-8.25,-2.563%,98.077350114,United States,,2642336,Utilities,Electric Utilities: Central
AEP,American Electric Power Company Inc. Common Stock,$101.88,1.05,1.041%,54.25775633,United States,,3165875,Utilities,Electric Utilities: Central
EXC,Exelon Corporation Common Stock,$42.36,0.56,1.34%,42.564753626,United States,,8935195,Utilities,Power Generation
XEL,Xcel Energy Inc. Common Stock,$67.19,0.31,0.464%,38.583302847,United States,,2284291,Utilities,Power Generation
LNT,Alliant Energy Corporation Common Stock,$60.31,0.44,0.735%,15.475497873,United States,,1523662,Utilities,Power Generation
EVRG,Evergy Inc. Common Stock,$66.22,0.42,0.638%,15.229022044,United States,,1461688,Utilities,Power Generation
TLN,Talen Energy Corporation Common Stock,$233.95,-4.28,-1.797%,11.897624807,United States,,736866,Utilities,Electric Utilities: Central
CWST,Casella Waste Systems Inc. Class A Common Stock,$107.47,-1.05,-0.968%,6.80431818,United States,1997.0,328277,Utilities,Environmental Services
NWE,NorthWestern Energy Group Inc. Common Stock,$54.69,0.97,1.806%,3.353274528,United States,,329164,Utilities,Power Generation
OTTR,Otter Tail Corporation Common Stock,$79.92,0.64,0.807%,3.342891123,United States,,177787,Utilities,Electric Utilities: Central
NFE,New Fortress Energy Inc. Class A Common Stock,$12.12,-0.3,-2.415%,3.04720194,United States,2019.0,4063534,Utilities,Oil/Gas Transmission
NEXT,NextDecade Corporation Common Stock,$7.92,0.01,0.126%,2.061506193,United States,2015.0,803253,Utilities,Oil & Gas Production
SJW,SJW Group Common Stock,$52.12,1.41,2.781%,1.733174296,United States,,295997,Utilities,Water Supply
INFN,Infinera Corporation Common Stock,$6.64,0.03,0.454%,1.572367438,United States,2007.0,1008711,Utilities,Telecommunications Equipment
CDZIP,Cadiz Inc. Depositary Shares,$18.73,-0.05,-0.266%,1.408198305,United States,,2543,Utilities,Water Supply
NNE,Nano Nuclear Energy Inc. Common Stock,$32.20,-2.91,-8.288%,1.178418538,United States,2024.0,4672623,Utilities,Electric Utilities: Central
MSEX,Middlesex Water Company Common Stock,$50.57,1.18,2.389%,0.902937464,United States,,66512,Utilities,Water Supply
NTGR,NETGEAR Inc. Common Stock,$30.91,0.56,1.845%,0.889273405,United States,2003.0,526859,Utilities,Telecommunications Equipment
ADTN,ADTRAN Holdings Inc. Common Stock,$11.07,-0.28,-2.467%,0.877285788,United States,1994.0,595084,Utilities,Telecommunications Equipment
CLNE,Clean Energy Fuels Corp. Common Stock,$3.28,-0.12,-3.529%,0.732937425,United States,2007.0,2029891,Utilities,Natural Gas Distribution
MNTK,Montauk Renewables Inc. Common Stock,$4.29,-0.01,-0.233%,0.615047098,United States,2021.0,77463,Utilities,Natural Gas Distribution
OPAL,OPAL Fuels Inc. Class A Common Stock,$2.97,-0.02,-0.669%,0.513300687,United States,2021.0,163854,Utilities,Natural Gas Distribution
CLFD,Clearfield Inc. Common Stock,$34.13,-0.385,-1.115%,0.482309358,United States,,157386,Utilities,Telecommunications Equipment
YORW,York Water Company (The) Common Stock,$32.19,0.61,1.932%,0.462704307,United States,,34169,Utilities,Water Supply
CDZI,CADIZ Inc. Common Stock,$4.98,-0.17,-3.301%,0.374416848,United States,,379593,Utilities,Water Supply
ARTNA,Artesian Resources Corporation Class A Common Stock,$30.75,0.36,1.185%,0.316661809,United States,,22919,Utilities,Water Supply
PCYO,Pure Cycle Corporation Common Stock,$11.64,0.07,0.605%,0.280255221,United States,,34173,Utilities,Water Supply
GWRS,Global Water Resources Inc. Common Stock,$11.32,-0.04,-0.352%,0.274188806,United States,2016.0,29023,Utilities,Water Supply
RGCO,RGC Resources Inc. Common Stock,$21.40,-0.06,-0.28%,0.219632287,United States,,7907,Utilities,Oil & Gas Production
VIASP,Via Renewables Inc. 8.75% Series A Fixed-to-Floating Rate Cumulative Redeemable Perpetual Preferred Stock,$23.1084,0.2084,0.91%,0.169230416,United States,,8042,Utilities,Power Generation
SLNG,Stabilis Solutions Inc. Common Stock,$7.48,-0.18,-2.35%,0.139015905,United States,,103053,Utilities,Oil/Gas Transmission
QRHC,Quest Resource Holding Corporation Common Stock,$5.07,0.0,0.00%,0.104379512,United States,,69186,Utilities,Environmental Services
FKWL,Franklin Wireless Corp. Common Stock,$5.50,0.34,6.589%,0.06481354,United States,,72009,Utilities,Telecommunications Equipment
VIVK,Vivakor Inc. Common Stock,$0.845,-0.0248,-2.851%,0.028424341,United States,,42549,Utilities,Environmental Services
SONM,Sonim Technologies Inc. Common Stock,$2.55,-0.08,-3.042%,0.012422679,United States,2019.0,15396,Utilities,Telecommunications Equipment
CLRO,ClearOne Inc. (DE) Common Stock,$0.4926,-0.0072,-1.441%,0.011807202,United States,,87213,Utilities,Telecommunications Equipment
SUNE,SUNation Energy Inc. Common Stock,$1.225,-0.095,-7.197%,0.00222306,United States,,87057,Utilities,Telecommunications Equipment
ALCE,Alternus Clean Energy Inc. Class A Common Stock,$0.226,-0.0588,-20.646%,0.0,United States,2022.0,1508724,Utilities,Power Generation
